acc,loss,val_acc,val_loss
0.2776599999809265,1.9699816815185547,0.37569999999999998,1.7524607280731201
0.35974000000953676,1.7781412400054932,0.40639999999999998,1.6565607374191285
