val_loss,val_acc,acc,loss
1.74992060852,0.3762,0.281180000038,1.96528824478
1.65521446629,0.4106,0.360120000019,1.77726638214
1.59321094456,0.4309,0.386960000038,1.70774196304
